<?xml version="1.0" encoding="utf-8"?>
<browserconfig>
    <msapplication>
        <tile>
            <square150x150logo src="/assets/windows11/Square150x150Logo.scale-100.png"/>
            <square310x310logo src="/assets/windows11/LargeTile.scale-100.png"/>
            <wide310x150logo src="/assets/windows11/Wide310x150Logo.scale-100.png"/>
            <square44x44logo src="/assets/windows11/Square44x44Logo.scale-100.png"/>
            <TileColor>#2563eb</TileColor>
        </tile>
    </msapplication>
</browserconfig>